{"base_url":"","routes":{"direction_select":{"tokens":[["variable","\/","[^\/]++","utilisateur_id",true],["variable","\/","[^\/]++","pole_id",true],["text","\/admin\/direction\/select"]],"defaults":[],"requirements":[],"hosttokens":[],"methods":["GET"],"schemes":[]},"categorie_index":{"tokens":[["text","\/categorie\/"]],"defaults":[],"requirements":[],"hosttokens":[],"methods":["GET"],"schemes":[]},"categorie_modal_new":{"tokens":[["text","\/categorie\/modal\/new"]],"defaults":[],"requirements":[],"hosttokens":[],"methods":["GET","POST"],"schemes":[]},"categorie_modal_edit":{"tokens":[["variable","\/","\\d+","id",true],["text","\/categorie\/modal\/edit"]],"defaults":[],"requirements":{"id":"\\d+"},"hosttokens":[],"methods":["GET","POST"],"schemes":[]},"categorie_modal_show":{"tokens":[["variable","\/","[^\/]++","id",true],["text","\/categorie\/modal\/show"]],"defaults":[],"requirements":[],"hosttokens":[],"methods":["GET"],"schemes":[]},"ldap_search":{"tokens":[["variable","\/","[^\/]++","q",true],["text","\/ldapsearch"]],"defaults":{"q":""},"requirements":[],"hosttokens":[],"methods":["GET"],"schemes":[]},"adresse_postale":{"tokens":[["variable","\/","[^\/]++","code_insee",true],["variable","\/","[^\/]++","q",true],["text","\/adressepostale"]],"defaults":{"code_insee":""},"requirements":[],"hosttokens":[],"methods":["GET"],"schemes":[]},"default_calculdistance":{"tokens":[["text","\/calculdistance"]],"defaults":[],"requirements":[],"hosttokens":[],"methods":["POST"],"schemes":[]},"fullcalendar":{"tokens":[["text","\/calendar"]],"defaults":[],"requirements":[],"hosttokens":[],"methods":["POST"],"schemes":[]},"moyensExtinction_index":{"tokens":[["text","\/moyensExtinction\/"]],"defaults":[],"requirements":[],"hosttokens":[],"methods":["GET"],"schemes":[]},"moyensExtinction_modal_new":{"tokens":[["text","\/moyensExtinction\/modal\/new"]],"defaults":[],"requirements":[],"hosttokens":[],"methods":["GET","POST"],"schemes":[]},"moyensExtinction_modal_edit":{"tokens":[["variable","\/","\\d+","id",true],["text","\/moyensExtinction\/modal\/edit"]],"defaults":[],"requirements":{"id":"\\d+"},"hosttokens":[],"methods":["GET","POST"],"schemes":[]},"moyensExtinction_modal_show":{"tokens":[["variable","\/","[^\/]++","id",true],["text","\/moyensExtinction\/modal\/show"]],"defaults":[],"requirements":[],"hosttokens":[],"methods":["GET"],"schemes":[]},"security_2fa_resend":{"tokens":[["text","\/public\/security\/2faresend"]],"defaults":[],"requirements":[],"hosttokens":[],"methods":[],"schemes":[]},"security_captcha_refresh":{"tokens":[["text","\/public\/security\/captcharefresh"]],"defaults":[],"requirements":[],"hosttokens":[],"methods":[],"schemes":[]},"refDechet_index":{"tokens":[["text","\/refDechet\/"]],"defaults":[],"requirements":[],"hosttokens":[],"methods":["GET"],"schemes":[]},"refDechet_modal_new":{"tokens":[["text","\/refDechet\/modal\/new"]],"defaults":[],"requirements":[],"hosttokens":[],"methods":["GET","POST"],"schemes":[]},"refDechet_modal_edit":{"tokens":[["variable","\/","\\d+","id",true],["text","\/refDechet\/modal\/edit"]],"defaults":[],"requirements":{"id":"\\d+"},"hosttokens":[],"methods":["GET","POST"],"schemes":[]},"refDechet_modal_show":{"tokens":[["variable","\/","[^\/]++","id",true],["text","\/refDechet\/modal\/show"]],"defaults":[],"requirements":[],"hosttokens":[],"methods":["GET"],"schemes":[]},"refNumTel_index":{"tokens":[["text","\/refNumTel\/"]],"defaults":[],"requirements":[],"hosttokens":[],"methods":["GET"],"schemes":[]},"refNumTel_modal_new":{"tokens":[["text","\/refNumTel\/modal\/new"]],"defaults":[],"requirements":[],"hosttokens":[],"methods":["GET","POST"],"schemes":[]},"refNumTel_modal_edit":{"tokens":[["variable","\/","\\d+","id",true],["text","\/refNumTel\/modal\/edit"]],"defaults":[],"requirements":{"id":"\\d+"},"hosttokens":[],"methods":["GET","POST"],"schemes":[]},"refNumTel_modal_show":{"tokens":[["variable","\/","[^\/]++","id",true],["text","\/refNumTel\/modal\/show"]],"defaults":[],"requirements":[],"hosttokens":[],"methods":["GET"],"schemes":[]},"refReferent_index":{"tokens":[["text","\/refReferent\/"]],"defaults":[],"requirements":[],"hosttokens":[],"methods":["GET"],"schemes":[]},"refReferent_modal_new":{"tokens":[["text","\/refReferent\/modal\/new"]],"defaults":[],"requirements":[],"hosttokens":[],"methods":["GET","POST"],"schemes":[]},"refReferent_modal_edit":{"tokens":[["variable","\/","\\d+","id",true],["text","\/refReferent\/modal\/edit"]],"defaults":[],"requirements":{"id":"\\d+"},"hosttokens":[],"methods":["GET","POST"],"schemes":[]},"refReferent_modal_show":{"tokens":[["variable","\/","[^\/]++","id",true],["text","\/refReferent\/modal\/show"]],"defaults":[],"requirements":[],"hosttokens":[],"methods":["GET"],"schemes":[]},"refTypeLog_index":{"tokens":[["text","\/refTypeLog\/"]],"defaults":[],"requirements":[],"hosttokens":[],"methods":["GET"],"schemes":[]},"refTypeLog_modal_new":{"tokens":[["text","\/refTypeLog\/modal\/new"]],"defaults":[],"requirements":[],"hosttokens":[],"methods":["GET","POST"],"schemes":[]},"refTypeLog_modal_edit":{"tokens":[["variable","\/","\\d+","id",true],["text","\/refTypeLog\/modal\/edit"]],"defaults":[],"requirements":{"id":"\\d+"},"hosttokens":[],"methods":["GET","POST"],"schemes":[]},"refTypeLog_modal_show":{"tokens":[["variable","\/","[^\/]++","id",true],["text","\/refTypeLog\/modal\/show"]],"defaults":[],"requirements":[],"hosttokens":[],"methods":["GET"],"schemes":[]}},"prefix":"","host":"localhost","port":"","scheme":"http","locale":""}